City_ID,City,Country,Lat,Lng,Max Temp,Humidity,Cloudiness,Wind Speed,Current Description
0,Najran,SA,17.4924,44.1277,61.45,22,37,2.59,scattered clouds
1,Chapais,CA,49.7834,-74.8492,49.78,89,100,12.8,light rain
2,Atuona,PF,-9.8,-139.0333,77.25,78,14,20.67,few clouds
3,Jamestown,US,42.097,-79.2353,63.99,56,100,19.57,overcast clouds
4,Rikitea,PF,-23.1203,-134.9692,69.21,62,0,15.3,clear sky
5,Basco,PH,20.4487,121.9702,81.09,83,64,27.63,broken clouds
6,Vaini,TO,-21.2,-175.2,80.76,74,20,10.36,few clouds
7,Hilo,US,19.7297,-155.09,84.27,83,0,6.91,clear sky
8,Butaritari,KI,3.0707,172.7902,82.27,75,5,20.27,clear sky
9,Thompson,CA,55.7435,-97.8558,33.96,93,100,19.57,overcast clouds
10,Port Elizabeth,ZA,-33.918,25.5701,66.49,97,100,3.0,overcast clouds
11,Nikolskoye,RU,59.7035,30.7861,37.29,88,51,4.16,broken clouds
12,Chuy,UY,-33.6971,-53.4616,55.74,74,0,9.84,clear sky
13,Mataura,NZ,-46.1927,168.8643,57.31,43,3,4.81,clear sky
14,Talnakh,RU,69.4865,88.3972,31.21,90,98,5.84,overcast clouds
15,Titusville,US,28.6122,-80.8075,81.09,84,40,3.44,scattered clouds
16,Thurso,GB,58.5927,-3.5259,47.86,82,60,12.06,broken clouds
17,Saposoa,PE,-6.934,-76.7716,78.26,68,96,2.51,overcast clouds
18,Hobart,AU,-42.8794,147.3294,63.05,83,100,13.8,overcast clouds
19,Takoradi,GH,4.8845,-1.7554,75.25,90,100,5.06,light rain
20,Hofn,IS,64.2539,-15.2082,41.05,53,85,6.55,overcast clouds
21,Bredasdorp,ZA,-34.5322,20.0403,63.0,91,100,1.52,overcast clouds
22,La Cruz,MX,23.9167,-106.9,75.31,72,5,7.56,clear sky
23,Vardo,NO,70.3705,31.1107,37.38,81,75,14.97,broken clouds
24,Poddorye,RU,57.4695,31.1156,36.55,92,16,4.34,few clouds
25,Bardiyah,LY,31.7561,25.0865,70.45,81,0,7.85,clear sky
26,Kununurra,AU,-15.7667,128.7333,102.18,24,8,5.75,clear sky
27,Davidson,US,36.1501,-86.7833,62.2,84,100,10.36,overcast clouds
28,Hun,LY,29.1268,15.9477,74.91,30,1,7.14,clear sky
29,Avarua,CK,-21.2078,-159.775,78.85,78,75,17.27,broken clouds
30,Aleksandrov Gay,RU,50.147,48.5704,50.5,85,90,13.82,overcast clouds
31,Bambous Virieux,MU,-20.3428,57.7575,74.21,73,40,8.05,scattered clouds
32,Sao Miguel Do Araguaia,BR,-13.275,-50.1628,79.63,27,17,3.09,few clouds
33,Cabo San Lucas,MX,22.8909,-109.9124,81.7,56,1,9.48,clear sky
34,Hermanus,ZA,-34.4187,19.2345,63.81,90,95,3.51,overcast clouds
35,Puerto Ayacucho,VE,5.6639,-67.6236,74.64,94,100,4.18,overcast clouds
36,Puerto Ayora,EC,-0.7393,-90.3518,66.54,89,10,1.99,clear sky
37,Jiuquan,CN,39.7432,98.5174,52.12,31,92,9.73,overcast clouds
38,Egvekinot,RU,66.3167,-179.1667,15.73,71,17,3.29,few clouds
39,Khatanga,RU,71.9667,102.5,23.65,96,95,6.64,overcast clouds
40,Dingle,PH,10.9995,122.6711,85.46,74,100,10.6,overcast clouds
41,Fayetteville,US,35.0527,-78.8784,68.59,81,0,8.05,clear sky
42,Mount Gambier,AU,-37.8333,140.7667,53.51,87,100,9.22,light rain
43,Tasiilaq,GL,65.6145,-37.6368,32.16,94,99,3.8,overcast clouds
44,Luderitz,NA,-26.6481,15.1594,59.58,84,9,9.15,clear sky
45,Aykhal,RU,66.0,111.5,28.44,95,98,6.42,overcast clouds
46,Pisco,PE,-13.7,-76.2167,59.05,82,0,10.36,clear sky
47,Lasa,IT,46.6166,10.7002,50.36,89,4,1.9,clear sky
48,Rybinsk,RU,58.0446,38.8426,43.21,80,100,6.13,overcast clouds
49,Oranjemund,NA,-28.55,16.4333,55.92,95,36,4.18,scattered clouds
50,Payo,ID,-3.7508,103.6372,77.9,83,100,2.17,overcast clouds
51,Klaksvik,FO,62.2266,-6.589,47.32,87,100,26.35,light rain
52,Piopio,NZ,-38.4667,175.0167,64.09,94,99,0.49,overcast clouds
53,Kawalu,ID,-7.3817,108.2082,77.76,85,99,4.68,overcast clouds
54,Hasaki,JP,35.7333,140.8333,68.22,87,100,15.46,moderate rain
55,Albany,US,42.6001,-73.9662,57.88,76,100,3.0,overcast clouds
56,Ushuaia,AR,-54.8,-68.3,33.46,93,75,28.77,broken clouds
57,Alta Floresta,BR,-9.8756,-56.0861,69.3,98,100,4.34,overcast clouds
58,Kaifeng,CN,34.7911,114.3483,66.54,42,98,5.73,overcast clouds
59,Asau,RO,46.4333,26.4,51.28,95,100,1.16,light rain
60,Manyana,BW,-23.4,21.7167,67.44,21,31,11.27,scattered clouds
61,Kavaratti,IN,10.5669,72.642,81.07,73,91,6.2,overcast clouds
62,Prince Rupert,CA,54.3161,-130.3201,53.29,89,0,4.61,clear sky
63,Belyy Yar,RU,53.6039,91.3903,39.85,81,40,2.24,scattered clouds
64,Sao Filipe,CV,14.8961,-24.4956,78.75,80,73,2.46,broken clouds
65,Provideniya,RU,64.3833,-173.3,33.91,64,0,7.0,clear sky
66,Cape Town,ZA,-33.9258,18.4232,64.11,89,75,12.66,broken clouds
67,Broken Hill,AU,-31.95,141.4333,56.7,82,100,13.76,light rain
68,Itupiranga,BR,-5.1347,-49.3267,82.72,56,59,3.2,broken clouds
69,Ribeira Grande,PT,38.5167,-28.7,72.77,83,96,8.01,overcast clouds
70,Kapaa,US,22.0752,-159.319,84.18,89,100,6.91,mist
71,Puerto Escondido,MX,15.85,-97.0667,80.47,87,98,6.13,overcast clouds
72,Benguela,AO,-12.5763,13.4055,73.24,83,76,4.56,broken clouds
73,Komsomolskiy,UZ,40.4272,71.7189,57.92,33,0,2.3,clear sky
74,Barrow,US,71.2906,-156.7887,28.42,80,40,14.97,scattered clouds
75,Olesno,PL,50.877,18.4209,43.0,78,0,6.31,clear sky
76,Upata,VE,8.0086,-62.3989,73.18,96,97,2.13,overcast clouds
77,Katsuura,JP,35.1333,140.3,67.1,93,100,18.16,moderate rain
78,Arraial Do Cabo,BR,-22.9661,-42.0278,69.73,93,71,2.98,broken clouds
79,Mayo,US,38.8876,-76.5119,65.12,85,100,8.05,overcast clouds
80,Upernavik,GL,72.7868,-56.1549,13.32,74,2,5.08,clear sky
81,Opuwo,NA,-18.0607,13.84,65.3,54,7,2.59,clear sky
82,Chokurdakh,RU,70.6333,147.9167,10.02,85,43,4.54,scattered clouds
83,Nouakchott,MR,18.0858,-15.9785,89.53,42,20,9.57,few clouds
84,La Ciotat,FR,43.1748,5.6045,69.82,74,2,3.4,clear sky
85,Airai,TL,-8.9266,125.4092,75.4,56,17,2.26,few clouds
86,Trinidad,BO,-14.8333,-64.9,66.54,91,12,4.81,few clouds
87,Leningradskiy,RU,69.3833,178.4167,18.59,75,84,5.99,broken clouds
88,Victor Harbor,AU,-35.5667,138.6167,63.0,66,99,1.99,light rain
89,Dikson,RU,73.5069,80.5464,29.17,76,99,13.13,overcast clouds
90,Moree,AU,-29.4667,149.85,77.02,47,40,18.41,scattered clouds
91,Norman Wells,CA,65.282,-126.8329,26.64,86,75,5.75,broken clouds
92,Nelson Bay,AU,-32.7167,152.15,72.09,68,98,21.0,overcast clouds
93,Tuatapere,NZ,-46.1333,167.6833,54.28,54,8,6.71,clear sky
94,Skibbereen,IE,51.55,-9.2667,49.69,86,83,4.97,broken clouds
95,Victoria,HK,22.2855,114.1577,82.26,48,5,8.99,clear sky
96,Exeter,GB,50.7236,-3.5275,54.86,95,100,3.62,overcast clouds
97,New Norfolk,AU,-42.7826,147.0587,62.71,70,100,1.01,light rain
98,Vila Velha,BR,-20.3297,-40.2925,75.15,83,20,8.05,few clouds
99,Mar Del Plata,AR,-38.0023,-57.5575,56.08,70,0,4.0,clear sky
100,Laguna,US,38.421,-121.4238,75.45,66,0,5.75,clear sky
101,Millau,FR,44.0833,2.9167,51.93,95,10,2.04,clear sky
102,Emerald,AU,-23.5333,148.1667,79.34,43,0,14.12,clear sky
103,Duluth,US,46.7833,-92.1066,44.08,80,100,13.8,overcast clouds
104,Castro,BR,-24.7911,-50.0119,60.04,98,100,3.13,overcast clouds
105,Chunskiy,RU,56.0815,99.6342,35.08,98,100,7.07,snow
106,Ningbo,CN,29.8782,121.5495,69.78,64,75,11.18,broken clouds
107,Narsaq,GL,60.9167,-46.05,25.02,69,0,8.81,clear sky
108,Busselton,AU,-33.65,115.3333,56.82,59,75,4.61,broken clouds
109,Saskylakh,RU,71.9167,114.0833,22.8,96,100,7.87,overcast clouds
110,Koumra,TD,8.9126,17.5539,69.3,91,25,2.93,scattered clouds
111,Itamaraca,BR,-7.7478,-34.8256,78.85,83,99,12.08,overcast clouds
112,Kuminskiy,RU,58.6667,66.5667,37.42,86,28,5.59,scattered clouds
113,Azul,AR,-36.777,-59.8585,61.34,37,73,12.55,broken clouds
114,Lavrentiya,RU,65.5833,-171.0,28.18,52,98,3.38,overcast clouds
115,Kruisfontein,ZA,-34.0033,24.7314,61.88,93,100,3.11,overcast clouds
116,Sao Felix Do Xingu,BR,-6.6447,-51.995,71.96,89,31,0.63,scattered clouds
117,Caravelas,BR,-17.7125,-39.2481,72.82,75,0,6.04,clear sky
118,Harper,LR,4.375,-7.7169,76.44,80,98,5.91,overcast clouds
119,Eyl,SO,7.9803,49.8164,78.62,73,99,10.8,overcast clouds
120,Souillac,MU,-20.5167,57.5167,71.98,73,40,8.05,scattered clouds
121,San Remo,IT,43.8182,7.7612,63.88,66,48,5.26,scattered clouds
122,Tanout,NE,14.9709,8.8879,82.31,21,27,9.93,scattered clouds
123,Punta Arenas,CL,-53.15,-70.9167,35.71,75,40,18.41,light intensity shower rain
124,Simao,CN,22.7886,100.9748,70.7,85,54,1.99,broken clouds
125,Grand Baie,MU,-20.0182,57.5802,74.44,63,13,8.99,few clouds
126,Port Lincoln,AU,-34.7333,135.8667,59.86,65,62,22.86,broken clouds
127,Blackfoot,US,43.1905,-112.345,60.55,32,0,6.69,clear sky
128,Mount Isa,AU,-20.7333,139.5,98.37,25,62,14.97,broken clouds
129,Soyo,AO,-6.1349,12.3689,75.94,86,73,4.99,broken clouds
130,Kodiak,US,57.79,-152.4072,40.51,52,0,11.5,clear sky
131,Waingapu,ID,-9.6567,120.2641,86.7,55,0,8.01,clear sky
132,Labelle,US,26.7617,-81.4384,75.25,74,100,3.4,overcast clouds
133,Smithers,CA,54.7804,-127.1743,44.92,87,20,3.44,few clouds
134,Yellowknife,CA,62.456,-114.3525,27.12,74,20,5.75,few clouds
135,Hope,US,33.6671,-93.5916,78.85,60,31,8.66,scattered clouds
136,Kaeo,NZ,-35.1,173.7833,67.32,65,67,8.19,light rain
137,Richards Bay,ZA,-28.783,32.0377,72.73,89,99,11.01,overcast clouds
138,Codrington,AU,-38.2667,141.9667,51.26,94,100,4.65,moderate rain
139,Esperance,AU,-33.8667,121.9,56.34,67,94,16.49,overcast clouds
140,Blythe,US,33.6103,-114.5964,90.05,23,0,10.36,clear sky
141,Burriana,ES,39.889,-0.085,63.66,82,1,4.14,clear sky
142,Faanui,PF,-16.4833,-151.75,78.82,74,38,10.92,light rain
143,Pilar,BR,-9.5972,-35.9567,71.53,93,95,2.48,overcast clouds
144,Carnarvon,AU,-24.8667,113.6333,73.45,26,0,14.29,clear sky
145,Hualmay,PE,-11.0964,-77.6139,60.8,85,4,11.77,clear sky
146,Kinsale,IE,51.7075,-8.5306,49.37,100,40,5.75,scattered clouds
147,Padang,ID,-0.9492,100.3543,80.65,74,100,3.4,light rain
148,Huainan,CN,32.6264,116.9969,67.03,44,24,10.54,few clouds
149,Huaiyin,CN,33.5886,119.0192,68.25,48,12,9.19,few clouds
150,Hithadhoo,MV,-0.6,73.0833,81.16,72,100,14.63,overcast clouds
151,Amlagora,IN,22.8333,87.3333,81.73,76,89,2.66,overcast clouds
152,Avera,US,33.194,-82.5271,69.31,98,100,7.61,overcast clouds
153,Alice Springs,AU,-23.7,133.8833,63.95,48,100,17.27,overcast clouds
154,Arlit,NE,18.7369,7.3853,83.71,16,0,8.16,clear sky
155,Kavieng,PG,-2.5744,150.7967,83.41,71,100,7.92,overcast clouds
156,College,US,64.8569,-147.8028,28.58,84,75,8.05,broken clouds
157,Bluff,NZ,-46.6,168.3333,49.84,63,51,8.93,broken clouds
158,Mabaruma,GY,8.2,-59.7833,75.25,87,97,3.0,overcast clouds
159,Tadine,NC,-21.55,167.8833,74.82,66,60,16.06,broken clouds
160,Yulara,AU,-25.2406,130.9889,58.05,44,100,10.45,overcast clouds
161,Port Alfred,ZA,-33.5906,26.891,66.18,96,100,3.27,overcast clouds
162,Qaanaaq,GL,77.484,-69.3632,6.44,62,20,8.63,few clouds
163,Gaoua,BF,10.2992,-3.2508,73.96,75,34,3.38,scattered clouds
164,Limoux,FR,42.9167,2.1667,52.5,90,4,4.05,clear sky
165,Manokwari,ID,-0.8667,134.0833,83.88,70,100,10.42,overcast clouds
166,Berlevag,NO,70.8578,29.0864,41.0,75,40,16.11,scattered clouds
167,Port Macquarie,AU,-31.4333,152.9167,70.9,63,44,11.97,scattered clouds
168,Petropavlovsk-Kamchatskiy,RU,53.0452,158.6483,54.19,44,75,17.9,broken clouds
169,Naze,JP,28.3667,129.4833,81.52,73,4,24.74,clear sky
170,Ostrovnoy,RU,68.0531,39.5131,38.26,85,38,10.6,scattered clouds
171,Kyzyl-Suu,KG,42.3414,78.0056,51.15,23,0,0.4,clear sky
172,Tiksi,RU,71.6872,128.8694,22.62,86,100,7.16,overcast clouds
173,Lompoc,US,34.6391,-120.4579,63.79,93,0,4.61,clear sky
174,Tuktoyaktuk,CA,69.4541,-133.0374,24.8,86,40,5.75,scattered clouds
175,Banjar,ID,-8.19,114.9675,86.9,63,100,3.42,overcast clouds
176,Sawakin,SD,19.1059,37.3321,80.46,75,3,5.84,clear sky
177,Mauriti,BR,-7.3892,-38.7744,74.14,59,2,10.18,clear sky
178,Teahupoo,PF,-17.8333,-149.2667,73.36,84,53,17.54,light rain
179,Faya,SA,18.3851,42.4509,55.51,24,20,5.17,few clouds
180,Knysna,ZA,-34.0363,23.0471,62.6,95,90,3.74,overcast clouds
181,Lebu,CL,-37.6167,-73.65,47.73,74,6,16.46,clear sky
182,La Tuque,CA,47.4334,-72.7824,52.05,87,100,3.44,overcast clouds
183,Guerrero Negro,MX,27.9769,-114.0611,69.35,80,100,17.36,overcast clouds
184,Geraldton,AU,-28.7667,114.6,72.01,24,0,11.5,clear sky
185,Bijapur,IN,16.8333,75.7,73.09,87,100,5.39,overcast clouds
186,Olafsvik,IS,64.8945,-23.7142,42.6,62,91,5.12,overcast clouds
187,Iquique,CL,-20.2208,-70.1431,59.04,69,38,0.11,scattered clouds
188,Salalah,OM,17.0151,54.0924,73.49,78,0,3.44,clear sky
189,Trzebiatow,PL,54.0615,15.2648,45.86,76,5,9.95,clear sky
190,Karratha,AU,-20.7377,116.8463,80.8,23,60,21.39,broken clouds
191,Qarchak,IR,35.4394,51.5689,63.27,35,0,0.2,clear sky
192,Taian,CN,36.1853,117.12,64.69,48,99,4.32,overcast clouds
193,Ponta Do Sol,PT,32.6667,-17.1,72.72,72,44,3.89,scattered clouds
194,Honningsvag,NO,70.9821,25.9704,40.75,81,100,14.97,overcast clouds
195,Pevek,RU,69.7008,170.3133,19.92,80,100,8.61,overcast clouds
196,Arman,RU,59.7,150.1667,34.02,66,47,1.63,scattered clouds
197,Hamilton,US,39.1834,-84.5333,66.97,85,100,8.05,overcast clouds
198,Flin Flon,CA,54.7682,-101.865,32.95,65,100,19.19,overcast clouds
199,Teya,RU,60.3778,92.6267,35.26,91,100,5.79,overcast clouds
200,Opotiki,NZ,-38.0833,177.2833,58.23,88,100,1.39,overcast clouds
201,Pochutla,MX,15.7432,-96.4661,76.82,94,96,2.8,overcast clouds
202,Tautira,PF,-17.7333,-149.15,76.33,83,47,15.77,light rain
203,Vanavara,RU,60.34,102.2797,33.87,80,100,9.08,overcast clouds
204,San Patricio,US,28.017,-97.5169,82.35,71,70,9.06,broken clouds
205,Cockburn Town,TC,21.4612,-71.1419,82.38,75,75,17.52,broken clouds
206,Ponta Delgada,PT,37.7333,-25.6667,68.72,77,75,4.61,broken clouds
207,Bonthe,SL,7.5264,-12.505,75.63,88,93,3.87,overcast clouds
208,San Cristobal,VE,7.7669,-72.225,69.98,97,99,2.62,overcast clouds
209,Wanning,CN,18.8003,110.3967,79.65,61,75,15.9,broken clouds
210,Asyut,EG,27.181,31.1837,69.35,65,0,11.21,clear sky
211,East London,ZA,-33.0153,27.9116,67.14,88,0,3.44,clear sky
212,Bongandanga,CD,1.5,21.05,68.88,99,99,2.55,light rain
213,Bissau,GW,11.8636,-15.5977,75.31,94,40,2.3,scattered clouds
214,Ilulissat,GL,69.2167,-51.1,28.42,69,100,9.22,light shower snow
215,Sinnar,SD,13.5691,33.5672,79.14,63,49,5.55,scattered clouds
216,Longyearbyen,SJ,78.2186,15.6401,35.44,69,75,6.91,broken clouds
217,Ayan,RU,56.45,138.1667,42.17,52,60,2.91,broken clouds
218,Aklavik,CA,68.2191,-135.0107,21.63,91,100,2.04,overcast clouds
219,Kosovo Polje,XK,42.6394,21.0961,55.2,89,75,3.44,broken clouds
220,Loja,EC,-3.9931,-79.2042,56.3,95,67,1.54,broken clouds
221,Ouadda,CF,8.0777,22.4007,66.45,93,59,3.06,broken clouds
222,Mongomo,GQ,1.6274,11.3135,67.37,100,100,0.87,light rain
223,Husavik,IS,66.0449,-17.3389,37.63,78,93,9.4,overcast clouds
224,Nantucket,US,41.2835,-70.0995,62.71,79,0,10.36,clear sky
225,Peniche,PT,39.3558,-9.3811,63.1,94,79,13.0,broken clouds
226,Vostok,RU,46.4856,135.8833,53.31,40,97,3.87,overcast clouds
227,Walvis Bay,NA,-22.9575,14.5053,58.19,86,100,6.29,overcast clouds
228,Cirebon,ID,-6.7063,108.557,88.61,54,100,5.19,overcast clouds
229,Zimovniki,RU,47.1483,42.4633,43.32,73,0,5.57,clear sky
230,Salinopolis,BR,-0.6136,-47.3561,79.74,83,100,11.5,overcast clouds
231,Pumiao,CN,22.75,108.4833,79.2,25,2,7.63,clear sky
232,Hobyo,SO,5.3505,48.5268,76.84,85,29,14.92,scattered clouds
233,Aginskoye,RU,51.1,114.53,50.47,36,4,7.16,clear sky
234,Dwarka,IN,22.2394,68.9678,84.61,59,19,7.9,few clouds
235,Antalaha,MG,-14.9003,50.2788,66.27,81,1,6.42,clear sky
236,Bondo,CD,3.8146,23.6866,67.44,99,45,2.13,scattered clouds
237,Motala,SE,58.5371,15.0365,49.32,80,100,12.62,overcast clouds
238,Cidreira,BR,-30.1811,-50.2056,62.15,89,70,7.67,broken clouds
239,Polunochnoye,RU,60.8697,60.4153,38.57,88,100,4.9,overcast clouds
240,Daru,PG,-9.0763,143.2092,84.06,73,99,12.06,overcast clouds
241,Howard Springs,AU,-12.497,131.047,91.81,45,29,8.03,scattered clouds
242,Bethel,US,41.3712,-73.414,60.66,89,0,4.61,clear sky
243,Nanortalik,GL,60.1432,-45.2371,27.93,66,15,9.26,few clouds
244,Georgetown,MY,5.4112,100.3354,85.95,77,40,3.44,scattered clouds
245,Pokrovsk,UA,48.282,37.1758,44.31,80,37,6.49,scattered clouds
246,Segamat,MY,2.5148,102.8158,85.59,63,84,2.55,broken clouds
247,Mahebourg,MU,-20.4081,57.7,74.25,73,40,8.05,scattered clouds
248,Cocobeach,GA,1.0002,9.5823,77.4,86,99,5.21,light rain
249,Ahipara,NZ,-35.1667,173.1667,63.27,61,79,2.1,broken clouds
250,Omura,JP,32.9214,129.9539,76.82,57,20,5.75,few clouds
251,Adrar,MR,20.5022,-10.0711,81.03,27,100,14.07,overcast clouds
252,Doha,QA,25.2867,51.5333,82.38,86,20,3.44,haze
253,Necochea,AR,-38.5473,-58.7368,50.95,74,94,24.85,overcast clouds
254,Virginia Beach,US,36.8529,-75.978,66.02,93,75,6.91,broken clouds
255,Itirapina,BR,-22.2528,-47.8228,67.78,78,99,4.45,overcast clouds
256,Port Blair,IN,11.6667,92.75,86.04,74,40,6.91,scattered clouds
257,Shimoda,JP,34.6667,138.95,62.1,92,100,18.59,light rain
258,Constitucion,CL,-35.3333,-72.4167,52.72,72,5,11.03,clear sky
259,Goderich,CA,43.7501,-81.7165,58.91,94,100,8.05,moderate rain
260,Hami,CN,42.8,93.45,55.35,42,0,7.36,clear sky
261,Coihaique,CL,-45.5752,-72.0662,36.21,55,0,2.3,clear sky
262,Cheyenne,US,41.14,-104.8203,39.78,66,0,7.0,clear sky
263,Venta,LT,56.2,22.7,44.98,91,59,5.08,broken clouds
264,Kaitangata,NZ,-46.2817,169.8464,53.35,56,19,9.33,few clouds
265,Homer,US,59.6425,-151.5483,37.27,64,75,8.01,broken clouds
266,Birao,CF,10.2849,22.7882,71.94,77,92,2.21,overcast clouds
267,Sinop,TR,41.7711,34.8709,53.67,88,98,3.58,overcast clouds
268,Walkerburn,GB,55.6236,-3.017,45.9,91,24,4.36,few clouds
269,Nhulunbuy,AU,-12.2333,136.7667,86.61,66,75,16.11,broken clouds
270,Erenhot,CN,43.6475,111.9767,52.97,24,0,5.14,clear sky
271,Baykit,RU,61.67,96.37,35.87,82,100,7.56,overcast clouds
272,Fredericton,CA,45.9454,-66.6656,49.24,86,100,3.44,overcast clouds
273,Vao,NC,-22.6667,167.4833,71.42,73,8,18.81,clear sky
274,Fort Nelson,CA,58.8053,-122.7002,45.99,55,75,5.75,broken clouds
275,San Alberto,CO,7.7611,-73.3922,75.42,93,100,3.94,overcast clouds
276,Kloulklubed,PW,7.0419,134.2556,82.81,80,100,19.55,heavy intensity rain
277,Cayenne,GF,4.9333,-52.3333,75.24,100,75,0.0,light rain
278,Khash,IR,28.2211,61.2158,64.17,16,0,2.06,clear sky
279,Nizhniy Kuranakh,RU,58.8353,125.4869,36.18,93,100,5.32,overcast clouds
280,Semnan,IR,35.5729,53.3971,62.29,44,0,6.08,clear sky
281,Saint George,US,37.1041,-113.5841,76.95,21,0,7.0,clear sky
282,Grafton,US,42.207,-71.6856,56.44,82,0,8.05,clear sky
283,Buxar,IN,25.5833,83.9833,81.82,69,55,4.5,broken clouds
284,Vestmannaeyjar,IS,63.4427,-20.2734,42.76,74,19,1.03,few clouds
285,Poum,NC,-20.2333,164.0167,75.87,73,3,20.74,clear sky
286,Thibodaux,US,29.7958,-90.8229,75.97,94,18,5.35,few clouds
287,Belmonte,BR,-15.8631,-38.8828,74.52,82,69,9.1,broken clouds
288,Padra,IN,22.2333,73.0833,80.69,74,100,3.44,haze
289,Dunajska Streda,SK,47.9927,17.6121,58.01,95,59,3.27,broken clouds
290,Fortuna,US,40.5982,-124.1573,53.35,87,27,2.06,scattered clouds
291,Filadelfia,US,39.9523,-75.1638,61.97,81,75,3.44,broken clouds
292,Muroto,JP,33.2833,134.15,72.34,69,37,21.7,scattered clouds
293,Saint-Philippe,RE,-21.3585,55.7679,71.19,76,29,10.56,scattered clouds
294,Madang,PG,-5.2246,145.7966,85.68,59,100,6.76,overcast clouds
295,Muisne,EC,0.6,-80.0333,73.29,82,100,9.78,overcast clouds
296,San Rafael,AR,-34.6177,-68.3301,59.52,25,99,28.36,overcast clouds
297,Gizo,SB,-8.103,156.8419,84.54,66,100,3.96,overcast clouds
298,Puro,PH,12.4841,123.3827,85.12,72,100,3.6,overcast clouds
299,Jiaxing,CN,30.7522,120.75,69.42,58,42,8.68,scattered clouds
300,Price,US,39.5994,-110.8107,65.46,20,0,16.11,clear sky
301,Sukhobuzimskoye,RU,56.5,93.2728,37.15,88,100,10.4,light rain
302,Mendeleyevo,RU,56.0333,37.2167,38.88,93,75,6.71,broken clouds
303,Huilong,CN,31.8111,121.655,68.52,63,52,11.74,broken clouds
304,Vrangel,RU,42.7297,133.0839,58.15,69,98,4.34,overcast clouds
305,Namibe,AO,-15.1961,12.1522,68.41,87,100,4.41,overcast clouds
306,Plettenberg Bay,ZA,-34.0527,23.3716,62.37,92,93,3.74,overcast clouds
307,Meulaboh,ID,4.1363,96.1285,82.83,71,93,2.15,overcast clouds
308,Andenes,NO,69.3143,16.1194,44.92,87,100,17.27,light rain
309,Umm Lajj,SA,25.0213,37.2685,81.1,51,0,8.63,clear sky
310,Bathsheba,BB,13.2167,-59.5167,81.21,83,20,11.5,few clouds
311,Jumla,NP,29.2747,82.1838,57.69,61,0,0.89,clear sky
312,Bauchi,NG,10.5,10.0,71.74,88,48,1.28,scattered clouds
313,Kirovskiy,RU,45.0917,133.5136,56.86,60,100,7.16,overcast clouds
314,Paamiut,GL,61.994,-49.6678,23.18,50,2,7.52,clear sky
315,Falun,SE,60.6036,15.626,48.61,95,100,9.62,overcast clouds
316,Antas,PT,41.7364,-8.3089,58.68,74,98,3.0,overcast clouds
317,Requena,ES,39.4883,-1.1004,53.53,89,0,2.15,clear sky
318,Tilichiki,RU,60.4667,166.1,33.26,52,100,11.07,overcast clouds
319,Rawson,AR,-43.3002,-65.1023,47.93,38,27,12.93,scattered clouds
320,Lekoni,GA,-1.5843,14.2591,73.89,84,100,1.81,moderate rain
321,Qandala,SO,11.472,49.8728,79.25,55,6,3.2,clear sky
322,Ati,TD,13.2154,18.3353,84.15,43,0,7.02,clear sky
323,Baracoa,CU,20.3467,-74.4958,80.33,85,77,9.78,broken clouds
324,Dunedin,NZ,-45.8742,170.5036,48.79,77,16,8.01,few clouds
325,Nabire,ID,-3.3667,135.4833,81.93,81,98,5.95,overcast clouds
326,Bodden Town,KY,19.2833,-81.25,82.4,89,20,4.61,few clouds
327,Xichang,CN,27.8964,102.2634,57.38,94,100,2.3,overcast clouds
328,Inongo,CD,-1.95,18.2667,70.95,96,100,4.45,overcast clouds
329,Abbeville,FR,50.1,1.8333,58.96,91,100,6.02,overcast clouds
330,Benghazi,LY,32.1167,20.0667,75.09,51,0,5.88,clear sky
331,Dongli,CN,23.5656,116.8194,82.38,47,0,8.95,clear sky
332,Cabatuan,PH,10.8794,122.486,85.15,74,100,11.03,overcast clouds
333,San Vicente,AR,-26.6167,-54.1333,52.3,99,35,1.77,scattered clouds
334,Lensk,RU,60.7253,114.9278,38.17,85,100,9.51,overcast clouds
335,Abu Kamal,SY,34.4506,40.9171,74.07,32,35,6.78,scattered clouds
336,Saldanha,ZA,-33.0117,17.9442,57.25,93,81,12.93,broken clouds
337,Los Llanos De Aridane,ES,28.6585,-17.9182,67.75,79,75,16.11,broken clouds
338,Yauya,PE,-8.9833,-77.3,48.18,77,100,0.29,overcast clouds
339,Dhidhdhoo,MV,6.8833,73.1,79.95,82,98,15.43,overcast clouds
340,Atasu,KZ,48.6814,71.6433,49.73,26,92,6.44,overcast clouds
341,Yuksekova,TR,37.5736,44.2872,38.95,70,75,0.0,broken clouds
342,Choctaw,US,35.4976,-97.2689,63.66,23,0,2.44,clear sky
343,Bairiki,KI,1.3292,172.9752,86.0,70,20,11.5,few clouds
344,Tomatlan,MX,19.9333,-105.25,73.13,87,100,3.69,overcast clouds
345,Malibu,US,34.005,-118.8101,71.26,93,60,8.97,broken clouds
346,Roma,US,43.2128,-75.4557,61.83,68,0,6.91,clear sky
347,Cururupu,BR,-1.8283,-44.8683,77.54,83,88,5.28,overcast clouds
348,Kazachinskoye,RU,57.6953,93.2761,36.46,94,100,8.1,light rain
349,Mecca,SA,21.4267,39.8261,77.13,64,0,0.74,clear sky
350,Otradnoye,RU,59.7775,30.8181,37.45,88,39,4.0,scattered clouds
351,Nara,JP,34.6851,135.8049,74.52,58,68,6.98,broken clouds
352,Torbay,CA,47.6666,-52.7314,47.5,89,0,10.36,clear sky
353,Concepcion Del Uruguay,AR,-32.4825,-58.2372,59.99,64,4,1.99,clear sky
354,Guaymas,MX,27.9333,-110.9,78.89,59,37,8.21,scattered clouds
355,Safaga,EG,26.7292,33.9365,76.33,57,0,17.02,clear sky
356,Nargana,PA,9.4428,-78.5906,79.29,82,96,7.02,overcast clouds
357,Bilma,NE,18.6853,12.9164,80.24,16,3,9.46,clear sky
358,Osakarovka,KZ,50.565,72.5692,46.67,45,45,10.8,scattered clouds
359,Buraydah,SA,26.326,43.975,68.45,19,0,9.64,clear sky
360,Iqaluit,CA,63.7506,-68.5145,19.13,79,20,3.44,few clouds
361,Belle Fourche,US,44.6714,-103.8522,52.32,34,25,18.34,scattered clouds
362,Kodinsk,RU,58.6881,99.1844,35.98,98,100,4.79,light rain
363,Qaqortoq,GL,60.7167,-46.0333,21.24,67,0,7.9,clear sky
364,Nemuro,JP,43.3236,145.575,56.32,67,15,9.08,few clouds
365,Isangel,VU,-19.55,169.2667,78.91,69,76,9.22,broken clouds
366,Gisborne,NZ,-38.6533,178.0042,54.77,85,100,8.75,overcast clouds
367,Quelimane,MZ,-17.8786,36.8883,72.21,86,26,3.8,scattered clouds
368,Saint-Francois,FR,46.4154,3.9054,54.84,100,100,2.3,mist
369,Nalut,LY,30.3333,10.85,72.36,26,4,11.12,clear sky
370,Shiyan,CN,32.6475,110.7781,68.63,34,39,4.14,scattered clouds
371,Tayu,ID,-6.5397,111.0518,88.41,59,98,5.14,overcast clouds
372,Todos Santos,MX,23.45,-110.2167,76.66,85,47,6.98,scattered clouds
373,Namatanai,PG,-3.6667,152.4333,85.03,67,45,6.11,light rain
374,Itoman,JP,26.1247,127.6694,86.4,72,75,18.41,broken clouds
375,Olinda,BR,-8.0089,-34.8553,78.53,69,75,10.36,broken clouds
376,Oriximina,BR,-1.7656,-55.8661,79.59,64,64,1.03,broken clouds
377,Port-Gentil,GA,-0.7193,8.7815,78.39,83,100,8.68,overcast clouds
378,Naron,ES,43.5167,-8.1528,61.65,93,99,4.05,overcast clouds
379,Severo-Kurilsk,RU,50.6789,156.125,44.1,76,96,31.92,overcast clouds
380,Gidole,ET,5.65,37.3667,59.47,68,93,1.54,light rain
381,Yambio,SS,4.5721,28.3955,65.48,91,49,2.04,scattered clouds
382,Hangal,IN,14.7667,75.1333,76.32,82,94,0.29,moderate rain
383,Barabai,ID,-2.5833,115.3833,77.13,93,100,0.16,overcast clouds
384,Mezen,RU,65.8522,44.24,40.03,89,100,5.23,overcast clouds
385,Makat,KZ,47.6469,53.3463,54.45,73,82,12.82,broken clouds
386,Clyde River,CA,70.4692,-68.5914,16.03,79,75,12.66,broken clouds
387,Joensuu,FI,62.6012,29.7632,30.69,100,51,2.3,broken clouds
388,Sorland,NO,67.667,12.6934,49.86,92,100,29.68,light rain
389,Ancud,CL,-41.8697,-73.8203,39.54,72,11,4.65,few clouds
390,Cherskiy,RU,68.75,161.3,14.36,86,100,5.55,overcast clouds
391,Zhezkazgan,KZ,47.8043,67.7144,39.18,41,0,6.71,clear sky
392,Dawei,MM,14.0833,98.2,86.54,63,30,0.34,scattered clouds
393,Yelniki,RU,54.6207,43.876,39.78,83,100,7.63,overcast clouds
394,Saint-Augustin,CA,51.226,-58.6502,44.74,86,100,4.38,overcast clouds
395,Oum Hadjer,TD,13.2954,19.6966,80.69,58,19,5.06,few clouds
396,Bosaso,SO,11.2842,49.1816,81.7,55,4,5.57,clear sky
397,Troitsko-Pechorsk,RU,62.7084,56.1964,41.16,93,100,3.74,overcast clouds
398,Paracuru,BR,-3.41,-39.0306,80.11,83,21,14.9,few clouds
399,Dukat,RU,62.55,155.55,16.7,83,100,1.83,overcast clouds
400,Touros,BR,-5.1989,-35.4608,75.92,84,12,13.73,few clouds
401,General Roca,AR,-39.0333,-67.5833,48.61,27,5,10.96,clear sky
402,Trofors,NO,65.5333,13.4063,44.47,96,100,7.11,light rain
403,The Valley,AI,18.217,-63.0578,82.26,74,3,14.03,clear sky
404,Yichang,CN,30.7144,111.2847,74.39,27,21,2.48,few clouds
405,Bengkulu,ID,-3.8004,102.2655,77.14,87,100,3.11,overcast clouds
406,Slave Lake,CA,55.2834,-114.769,44.58,57,0,2.3,clear sky
407,Carbonia,IT,39.1672,8.5222,65.35,93,65,5.14,broken clouds
408,Labuhan,ID,-6.8844,112.2051,86.77,63,99,5.61,light rain
409,Kristiinankaupunki,FI,62.2743,21.376,48.16,92,99,15.86,overcast clouds
410,Batagay-Alyta,RU,67.8006,130.4114,14.88,72,97,2.39,overcast clouds
411,Santa Catalina,PH,9.3337,122.8637,87.78,73,100,9.91,overcast clouds
412,Northam,GB,51.0333,-4.2167,52.39,90,100,3.76,overcast clouds
413,Mulanje,MW,-16.0316,35.5,72.05,54,0,2.15,clear sky
414,Nouadhibou,MR,20.931,-17.0347,71.58,73,74,23.02,broken clouds
415,Beringovskiy,RU,63.05,179.3167,32.41,65,95,7.9,overcast clouds
416,Cabra,ES,37.4725,-4.4421,61.11,81,0,3.09,clear sky
417,Kungurtug,RU,50.5994,97.5228,42.37,51,99,6.96,overcast clouds
418,Santa,PH,17.486,120.4348,88.02,58,82,3.91,broken clouds
419,Muros,ES,42.7762,-9.0603,56.84,94,100,3.27,overcast clouds
420,Sibu,MY,2.3,111.8167,84.51,74,40,5.75,scattered clouds
421,Yining,CN,29.0361,114.5636,75.54,37,0,3.2,clear sky
422,Almenara,BR,-16.1836,-40.6944,65.77,95,3,0.76,clear sky
423,Iralaya,HN,15.0,-83.2333,79.74,85,96,7.47,overcast clouds
424,Manuk Mangkaw,PH,4.8,119.85,84.27,76,100,18.37,overcast clouds
425,Ewo,CG,-0.8725,14.8206,71.29,94,96,0.67,overcast clouds
426,Eureka,US,40.8021,-124.1637,61.66,88,39,2.71,scattered clouds
427,Deputatskiy,RU,69.3,139.9,6.08,88,6,3.51,clear sky
428,Umea,SE,63.8284,20.2597,45.91,100,0,0.0,clear sky
429,Alofi,NU,-19.0595,-169.9187,80.49,83,40,8.05,scattered clouds
430,San Andres,CO,12.5847,-81.7006,80.62,83,75,3.44,broken clouds
431,Itarema,BR,-2.9248,-39.9167,78.51,84,14,17.22,few clouds
432,Saint-Pierre,RE,-21.3393,55.4781,72.91,53,0,4.61,clear sky
433,Kristianstad,SE,56.0313,14.1524,48.34,92,100,5.75,overcast clouds
434,Ukhta,RU,63.5671,53.6835,38.21,92,98,3.27,overcast clouds
435,Lagoa,PT,39.05,-27.9833,70.29,80,49,10.49,scattered clouds
436,King City,US,36.2127,-121.126,69.91,48,0,3.76,clear sky
437,Sitka,US,57.0531,-135.33,58.89,82,100,10.36,light rain
438,Praya,CV,14.9215,-23.5087,77.54,88,75,12.66,broken clouds
439,Flinders,AU,-34.5833,150.8552,69.19,71,100,5.99,overcast clouds
440,Kachug,RU,53.9606,105.8817,43.9,67,100,3.31,overcast clouds
441,Belaya Gora,RU,68.5333,146.4167,17.04,60,46,1.97,scattered clouds
442,Atocha,BO,-20.9333,-66.2333,31.84,14,0,6.82,clear sky
443,Anadyr,RU,64.75,177.4833,25.3,62,0,6.71,clear sky
444,Torrevieja,ES,37.9787,-0.6822,66.11,79,0,1.99,clear sky
445,Bama,NG,11.5221,13.6856,78.71,72,98,3.69,overcast clouds
446,Roebourne,AU,-20.7833,117.1333,83.14,21,65,17.47,broken clouds
447,Jeremie,HT,18.65,-74.1167,80.01,80,69,3.89,broken clouds
448,Nishihara,JP,26.1842,127.7558,85.68,74,75,18.41,broken clouds
449,Zhangye,CN,38.9342,100.4517,50.7,42,99,9.6,overcast clouds
450,Cabedelo,BR,-6.9811,-34.8339,77.67,83,71,15.61,broken clouds
451,Sweetwater,US,25.7634,-80.3731,83.01,86,40,7.0,scattered clouds
452,Suffolk,US,40.8668,-72.7996,62.89,89,75,4.61,broken clouds
453,Atar,MR,20.5169,-13.0499,82.0,29,9,11.5,clear sky
454,Xinxiang,CN,35.3089,113.8672,68.29,38,98,4.7,overcast clouds
455,Whitehorse,CA,60.7161,-135.0538,52.57,66,100,16.11,overcast clouds
456,Yartsevo,RU,55.0667,32.6964,42.75,80,99,3.62,overcast clouds
457,Aitape,PG,-3.1374,142.3475,81.91,81,80,4.07,broken clouds
458,Half Moon Bay,US,37.4636,-122.4286,62.51,89,100,14.97,overcast clouds
459,San Angelo,US,31.4638,-100.437,71.82,60,0,3.44,clear sky
460,San Antonio,US,29.4241,-98.4936,84.43,56,0,5.75,clear sky
461,Lufilufi,WS,-13.8745,-171.5986,85.78,76,91,10.27,overcast clouds
462,Saint Augustine,US,29.8947,-81.3145,77.02,96,20,4.61,few clouds
463,Calama,CL,-22.4667,-68.9333,45.09,10,0,2.3,clear sky
464,Nizhniy Odes,RU,63.6445,54.856,38.79,94,100,3.24,overcast clouds
465,Saint Anthony,US,45.0205,-93.218,45.82,75,100,10.36,overcast clouds
466,East Wenatchee Bench,US,47.4257,-120.2812,65.39,47,0,0.0,clear sky
467,Henties Bay,NA,-22.116,14.2845,57.11,91,64,3.98,broken clouds
468,Launceston,AU,-41.45,147.1667,60.44,91,100,14.97,moderate rain
469,Oktyabrskiy,RU,54.4815,53.471,48.24,65,98,4.23,overcast clouds
470,Evensk,RU,61.95,159.2333,29.08,57,93,7.92,overcast clouds
471,Gasa,PS,31.5,34.4667,75.78,58,100,7.05,overcast clouds
472,Kysyl-Syr,RU,63.8986,122.7617,30.67,97,100,6.67,light snow
473,Sakaiminato,JP,35.55,133.2333,71.58,56,20,14.97,few clouds
474,Coquimbo,CL,-29.9533,-71.3436,53.33,93,0,8.05,clear sky
475,Sao Joao Da Barra,BR,-21.6403,-41.0511,73.17,85,3,19.42,clear sky
476,Margate,GB,51.3813,1.3862,55.69,92,100,1.01,light rain
477,Moron,AR,-34.6534,-58.6198,69.98,35,53,10.13,broken clouds
478,Houma,US,29.5958,-90.7195,75.0,96,0,0.0,mist
479,Koutsouras,GR,35.0339,25.9469,71.11,51,1,12.64,clear sky
480,Udachnyy,RU,66.4167,112.4,30.45,100,100,6.73,light snow
481,Broome,US,42.2506,-75.833,59.85,77,0,9.22,clear sky
482,Phan Thiet,VN,10.9333,108.1,82.8,72,100,2.19,overcast clouds
483,Ishigaki,JP,24.3448,124.1572,84.33,65,20,18.41,few clouds
484,Wairoa,NZ,-39.0333,177.3667,54.55,95,100,7.0,overcast clouds
485,Kamenka,RU,51.3223,42.7678,38.08,83,7,6.85,clear sky
486,Nuevo Progreso,MX,23.1667,-97.95,77.47,78,99,5.23,overcast clouds
487,Tromso,NO,69.6496,18.957,41.02,81,75,16.11,light intensity shower rain
488,Abnub,EG,27.2696,31.1511,68.4,68,0,10.63,clear sky
489,Torbat-E Jam,IR,35.244,60.6225,66.49,13,6,7.9,clear sky
490,Yazd,IR,31.8972,54.3675,60.91,23,0,4.61,clear sky
491,Maniitsoq,GL,65.4167,-52.9,26.78,61,19,6.49,few clouds
492,Huercal-Overa,ES,37.389,-1.9454,65.23,84,13,4.25,few clouds
493,Kundiawa,PG,-6.0167,144.9667,73.94,78,100,0.63,overcast clouds
494,Kahului,US,20.8947,-156.47,84.22,77,40,13.8,scattered clouds
495,Forssa,FI,60.8146,23.6215,38.41,93,50,6.06,scattered clouds
496,Djibo,BF,14.1022,-1.6306,85.15,35,4,5.82,clear sky
497,Sungaipenuh,ID,-2.0833,101.3833,69.93,89,100,4.25,overcast clouds
498,Kirakira,SB,-10.4544,161.9205,84.22,68,99,6.33,overcast clouds
499,Kampot,KH,10.6167,104.1833,84.25,70,100,1.88,overcast clouds
500,Rocha,UY,-34.4833,-54.3333,59.18,55,2,16.51,clear sky
501,Agnibilekrou,CI,7.1344,-3.2047,69.15,99,99,2.48,overcast clouds
502,Mehran,IR,33.1222,46.1646,76.21,15,60,3.47,broken clouds
503,Bara,NG,10.3744,10.7288,76.95,76,94,6.69,light rain
504,Pangnirtung,CA,66.1451,-65.7125,15.78,69,4,4.41,clear sky
505,Nyurba,RU,63.2842,118.3319,33.66,98,100,5.86,light snow
506,Grand Gaube,MU,-20.0064,57.6608,74.37,62,18,8.99,few clouds
507,Aswan,EG,24.0934,32.907,73.08,45,0,10.49,clear sky
508,Terme,TR,41.2092,36.9739,58.93,77,100,5.5,overcast clouds
509,Staunton,US,38.1496,-79.0717,61.32,83,75,5.75,broken clouds
510,Te Anau,NZ,-45.4167,167.7167,58.48,42,2,1.7,clear sky
511,Ulladulla,AU,-35.35,150.4667,64.29,73,99,16.75,light rain
512,Edd,ER,13.9297,41.6925,86.29,57,7,5.75,clear sky
513,Noumea,NC,-22.2763,166.4572,78.78,68,60,12.66,broken clouds
514,Remedios,CU,22.4947,-79.5458,77.92,90,15,8.21,light rain
515,Uttiramerur,IN,12.6,79.7667,84.38,66,59,1.01,broken clouds
516,Tabou,CI,4.423,-7.3528,76.05,81,100,4.05,overcast clouds
517,Vallenar,CL,-28.5708,-70.7581,58.6,68,0,2.75,clear sky
518,Pemangkat,ID,1.1667,108.9667,82.49,75,97,9.6,heavy intensity rain
519,Rincon,US,32.296,-81.2354,74.86,95,100,3.44,thunderstorm
520,Sibolga,ID,1.7427,98.7792,85.12,62,99,4.27,overcast clouds
521,Kaina,NG,12.6374,8.5873,78.01,51,50,4.43,scattered clouds
522,Aipe,CO,3.2222,-75.2367,79.59,71,97,1.86,overcast clouds
523,Frontera,MX,26.9333,-101.45,83.32,37,0,2.13,clear sky
524,Uberlandia,BR,-18.9186,-48.2772,70.81,68,0,13.8,clear sky
525,Beloha,MG,-25.1667,45.05,73.24,67,0,5.91,clear sky
526,Traverse City,US,44.7631,-85.6206,46.47,96,100,4.61,overcast clouds
527,Coahuayana,MX,18.7333,-103.6833,78.66,93,100,2.01,overcast clouds
528,Ambilobe,MG,-13.2,49.05,73.63,53,0,4.14,clear sky
529,Marzuq,YE,14.4,46.4667,72.03,39,0,2.13,clear sky
530,Rancho Palos Verdes,US,33.7445,-118.387,68.97,91,75,4.0,broken clouds
531,Nacala,MZ,-14.5428,40.6728,72.64,82,0,1.03,clear sky
532,Talara,PE,-4.5772,-81.2719,63.66,83,32,17.02,scattered clouds
533,Puerto Leguizamo,CO,-0.1934,-74.7819,73.89,79,25,1.05,scattered clouds
534,Parsabad,IR,39.6482,47.9174,61.12,88,40,6.91,scattered clouds
535,Barra Patuca,HN,15.8,-84.2833,78.76,88,78,7.23,broken clouds
536,Birin,NP,26.8865,88.0718,67.87,73,11,4.34,few clouds
537,Puerto Madero,MX,14.7208,-92.4215,77.2,100,100,0.0,overcast clouds
538,Siocon,PH,7.7061,122.1353,87.46,64,98,5.41,overcast clouds
539,Marsa Matruh,EG,31.3525,27.2453,71.83,77,5,9.33,clear sky
540,Dolneni,MK,41.4253,21.4547,54.36,89,100,1.25,overcast clouds
541,Waitara,NZ,-38.925,174.25,54.0,84,99,3.36,overcast clouds
542,Viedma,AR,-40.8135,-62.9967,44.29,60,32,9.13,scattered clouds
543,Chernogorsk,RU,53.8236,91.2842,39.52,81,40,2.24,scattered clouds
544,Graciano Sanchez,MX,23.9167,-99.2833,75.43,85,100,1.59,overcast clouds
545,Osa,RU,57.2829,55.4567,47.53,64,99,4.23,overcast clouds
546,Mbaiki,CF,3.8678,17.9892,68.7,99,92,1.88,light rain
547,Fort Myers Beach,US,26.452,-81.9481,75.27,90,0,6.91,light rain
548,Inta,RU,66.0317,60.1659,37.71,76,100,5.46,overcast clouds
549,La Rioja,ES,42.25,-2.5,44.38,82,99,6.08,overcast clouds
550,Akdepe,TM,42.0551,59.3788,50.09,40,100,12.01,overcast clouds
551,Arinos,BR,-15.9169,-46.1056,72.73,35,37,1.25,scattered clouds
552,Neiafu,TO,-18.65,-173.9833,81.28,78,40,6.91,scattered clouds
553,Ndele,CF,8.4109,20.6473,68.47,90,29,1.88,scattered clouds
554,Santa Vitoria Do Palmar,BR,-33.5189,-53.3681,55.47,76,0,9.69,clear sky
555,Khandyga,RU,62.6667,135.6,26.98,77,57,3.33,broken clouds
556,Manzhouli,CN,49.6,117.4333,55.02,25,2,12.86,clear sky
557,Taoudenni,ML,22.6783,-3.9836,85.39,29,50,12.5,scattered clouds
558,Ballina,AU,-28.8667,153.5667,76.01,69,20,9.26,few clouds
559,Camacupa,AO,-12.0167,17.4833,60.85,70,38,3.4,light rain
560,Salmon Arm,CA,50.6998,-119.3024,51.64,81,59,1.14,broken clouds
561,Songjianghe,CN,42.1859,127.479,57.94,44,100,6.64,overcast clouds
562,Waconia,US,44.8508,-93.7869,45.34,75,67,8.01,broken clouds
563,Urucui,BR,-7.2294,-44.5561,81.09,34,4,7.85,clear sky
564,San Juan,AR,-31.5375,-68.5364,71.73,14,33,12.21,scattered clouds
565,Puruandiro,MX,20.0833,-101.5,59.81,66,51,2.06,broken clouds
566,Mayor Pablo Lagerenza,PY,-19.9309,-60.7718,62.56,95,100,0.92,overcast clouds
567,Montanha,BR,-18.1269,-40.3633,67.8,87,4,5.12,clear sky
568,Axim,GH,4.8699,-2.2405,75.9,88,96,5.95,moderate rain
569,Comodoro Rivadavia,AR,-45.8667,-67.5,46.26,23,0,17.27,clear sky
570,Oussouye,SN,12.485,-16.5469,78.66,86,78,7.0,broken clouds
571,Besancon,FR,47.2488,6.0182,53.13,96,96,2.55,overcast clouds
572,Buala,SB,-8.145,159.5921,84.43,65,98,4.52,light rain
573,Leh,IN,34.1667,77.5833,42.55,46,19,4.81,few clouds
574,Samarinda,ID,-0.5,117.15,87.58,63,92,5.37,overcast clouds
575,Abha,SA,18.2164,42.5053,55.22,24,0,0.0,clear sky
576,Aripuana,BR,-9.1667,-60.6333,70.86,99,88,1.9,overcast clouds
577,Alindao,CF,5.0267,21.2088,67.73,96,90,2.17,overcast clouds
578,Bosilegrad,RS,42.5011,22.4724,50.74,95,100,1.25,overcast clouds
579,Awbari,LY,26.5921,12.7805,69.28,29,4,7.72,clear sky
580,Saint-Leu,RE,-21.15,55.2833,72.32,100,0,1.61,clear sky
581,Bom Jardim,BR,-7.7958,-35.5872,67.44,97,73,5.84,broken clouds
582,Biga,TR,40.2281,27.2422,65.05,74,100,11.9,overcast clouds
583,Roald,NO,62.5833,6.1333,52.16,93,75,6.91,light rain
584,Akyab,MM,20.15,92.9,83.86,73,0,1.3,clear sky
585,Praia Da Vitoria,PT,38.7333,-27.0667,71.76,88,40,9.71,scattered clouds
586,Port Moresby,PG,-9.4431,147.1797,87.22,66,40,14.97,haze
587,Raton,US,36.9034,-104.4391,51.31,61,0,5.75,clear sky
588,Port Keats,AU,-14.25,129.55,90.73,47,6,11.9,clear sky
589,Araouane,ML,18.9048,-3.5265,84.49,16,7,1.86,clear sky
590,Asfi,MA,32.2994,-9.2372,68.0,91,2,8.84,clear sky
591,Xifeng,CN,42.7372,124.7222,61.63,54,99,17.38,overcast clouds
592,Kuloy,RU,61.0305,42.4925,38.28,95,84,3.98,broken clouds
593,Zhifang,CN,30.35,114.3167,66.18,33,0,4.21,clear sky
594,Saint-Joseph,RE,-21.3667,55.6167,71.47,70,15,10.71,few clouds
595,Acapulco,MX,16.8634,-99.8901,80.42,83,100,0.0,overcast clouds
596,La Reforma,MX,25.0833,-108.05,78.08,66,0,6.55,clear sky
597,Siavonga,ZM,-16.5382,28.7088,72.81,39,0,4.74,clear sky
598,Dhandhuka,IN,22.3667,71.9833,86.81,34,32,7.31,scattered clouds
599,Tonota,BW,-21.4833,27.4833,65.17,28,26,6.64,scattered clouds
600,Bawku,GH,11.0616,-0.2417,77.52,63,52,3.36,broken clouds
601,Seoul,KR,37.5683,126.9778,71.17,44,0,4.61,clear sky
602,Leshan,CN,29.5623,103.7639,59.04,88,100,1.21,overcast clouds
603,Dawlatabad,AF,36.4141,64.9053,70.27,13,0,2.57,clear sky
604,Bac Lieu,VN,9.285,105.7244,84.11,70,100,10.2,overcast clouds
605,La Palma,US,33.8464,-118.0467,71.55,83,75,6.91,broken clouds
606,Freeport,US,40.6576,-73.5832,63.01,89,75,6.91,broken clouds
607,Boende,CD,-0.2167,20.8667,68.79,98,84,1.25,light rain
608,Hambantota,LK,6.1241,81.1185,82.74,83,40,6.91,scattered clouds
609,Limot,PH,7.0405,126.2727,89.01,58,79,4.92,broken clouds
610,Baoma,CN,31.4859,106.1128,61.74,66,100,2.42,overcast clouds
611,Zaysan,KZ,47.4667,84.8667,50.65,36,7,5.79,clear sky
612,Tatawin,TN,32.9297,10.4518,70.27,63,12,2.48,few clouds
613,Dromolaxia,CY,34.8761,33.586,72.99,82,20,5.99,few clouds
614,Coffs Harbour,AU,-30.3,153.1333,70.12,77,100,9.22,overcast clouds
615,Ketchikan,US,55.3422,-131.6461,54.07,82,100,8.05,overcast clouds
616,Muravlenko,RU,63.7898,74.523,36.07,83,28,9.26,scattered clouds
617,Abdanan,IR,32.9926,47.4198,66.85,18,52,5.99,broken clouds
618,Vikhorevka,RU,56.1201,101.1636,36.99,89,100,6.55,light rain
619,Gat,IL,31.61,34.7642,70.39,68,74,3.96,broken clouds
620,Kokopo,PG,-4.352,152.2633,84.61,64,100,8.1,overcast clouds
621,Bako,ET,5.7833,36.5667,66.31,67,79,3.58,broken clouds
622,Labrea,BR,-7.2586,-64.7981,74.46,84,83,0.81,light rain
623,Westport,US,41.1415,-73.3579,62.8,85,0,9.22,clear sky
624,Mochalishche,RU,56.3306,48.3547,43.57,97,96,4.32,overcast clouds
625,Erdenet,MN,49.0333,104.0833,46.6,35,63,6.24,broken clouds
626,Yemelyanovo,RU,56.1681,92.6767,38.21,93,40,8.95,scattered clouds
627,Floro,NO,61.5996,5.0328,49.23,100,75,9.22,broken clouds
628,Gulu,UG,2.7746,32.299,63.41,91,85,2.93,overcast clouds
629,Marang,MY,5.2056,103.2059,84.96,70,97,6.64,overcast clouds
630,Honiara,SB,-9.4333,159.95,83.57,76,100,5.19,overcast clouds
631,Algiers,DZ,36.7525,3.042,64.22,88,40,3.44,scattered clouds
632,Bowling Green,US,36.9903,-86.4436,62.53,91,0,8.05,clear sky
633,Conde,BR,-7.2597,-34.9075,76.46,83,75,6.91,broken clouds
634,Caluquembe,AO,-13.7833,14.6833,62.69,68,92,1.92,overcast clouds
635,Brae,GB,60.3964,-1.353,48.38,71,48,12.95,scattered clouds
636,Burnie,AU,-41.0667,145.9167,56.95,94,100,10.96,light rain
637,Krasnoselkup,RU,65.7,82.4667,35.65,73,100,8.48,overcast clouds
638,Kihei,US,20.785,-156.4656,84.22,84,40,13.8,light rain
639,Omboue,GA,-1.5746,9.2618,76.1,90,98,3.74,light rain
640,Riyadh,SA,24.6877,46.7219,69.94,29,1,1.7,clear sky
641,Yarim,YE,14.298,44.3779,54.3,29,4,7.31,clear sky
642,Monrovia,LR,6.3005,-10.7969,76.42,86,100,2.95,light rain
643,Bereda,ES,43.2686,-7.5406,58.41,100,100,1.9,overcast clouds
644,Susuman,RU,62.7833,148.1667,20.21,88,100,3.15,overcast clouds
645,Cocachacra,PE,-17.0883,-71.7575,59.65,81,83,3.78,broken clouds
646,Savannah Bight,HN,16.45,-85.85,82.98,83,93,21.99,overcast clouds
647,Sisimiut,GL,66.9395,-53.6735,26.42,87,88,10.36,light snow
648,Marsh Harbour,BS,26.5412,-77.0636,81.64,77,100,12.53,overcast clouds
649,Madimba,TZ,-10.4,40.3333,65.52,94,20,11.5,few clouds
650,Dauphin,CA,51.1494,-100.0502,37.54,60,100,13.8,overcast clouds
651,Pierre,US,44.3683,-100.351,54.52,38,0,27.0,clear sky
652,Aksarka,RU,66.5606,67.7975,34.43,92,72,7.96,broken clouds
653,Santiago Del Estero,AR,-27.7951,-64.2615,67.89,31,0,9.37,clear sky
654,Kargopol,RU,61.5071,38.9456,39.88,86,100,3.6,overcast clouds
655,Kachiry,KZ,53.0675,76.1036,47.59,63,46,11.05,scattered clouds
656,Sao Caetano De Odivelas,BR,-0.75,-48.02,76.77,91,98,7.92,overcast clouds
657,Porto Santo,PT,33.072,-16.3415,70.18,73,40,11.5,scattered clouds
658,Menongue,AO,-14.6585,17.691,64.58,40,86,2.37,overcast clouds
659,Pontianak,ID,-0.0333,109.3333,84.18,79,75,8.05,broken clouds
660,Wana,PK,32.2989,69.5725,67.1,15,0,1.16,clear sky
661,Caranavi,BO,-15.8167,-67.55,60.64,99,54,0.96,broken clouds
662,Mandiana,GN,10.6333,-8.6833,71.26,89,99,2.48,overcast clouds
663,Wanaka,NZ,-44.7,169.15,56.52,52,11,4.97,few clouds
664,Mumford,GH,5.2618,-0.759,75.94,90,94,7.27,overcast clouds
665,Ibra,OM,22.6906,58.5334,80.26,24,10,2.04,clear sky
666,Lazaro Cardenas,MX,17.9583,-102.2,80.82,84,100,2.04,overcast clouds
667,Talaya,RU,61.3833,152.75,19.87,86,100,1.07,overcast clouds
668,Vada,NL,51.97,5.6667,54.34,87,75,5.75,light rain
669,Novopskov,UA,49.5464,39.0899,44.2,83,67,5.28,broken clouds
670,Nicolas Bravo,MX,18.45,-88.9167,73.92,99,99,1.57,overcast clouds
671,Anloga,GH,5.7947,0.8973,78.04,85,60,8.57,broken clouds
672,Usinsk,RU,65.9939,57.5281,37.06,90,100,10.29,overcast clouds
673,Santa Isabel,BR,-23.3156,-46.2214,67.3,94,64,2.04,broken clouds
674,Jalcocotan,MX,21.4667,-105.1167,70.14,75,88,3.36,overcast clouds
675,Tarko-Sale,RU,64.9225,77.785,38.16,68,100,3.04,overcast clouds
676,Tikaitnagar,IN,26.95,81.5833,80.24,69,0,3.42,clear sky
677,Chernyshevskiy,RU,63.0128,112.4714,33.19,91,100,7.76,overcast clouds
678,Linjiang,CN,41.8069,126.9078,63.19,38,99,4.99,overcast clouds
679,Orotukan,RU,62.2667,151.7,19.9,80,100,1.54,overcast clouds
680,Zyryanovsk,KZ,49.7386,84.2719,48.45,42,63,0.45,broken clouds
681,Sabang,ID,5.8933,95.3214,81.27,74,39,7.38,scattered clouds
682,Ouango,CF,4.3133,22.5552,67.89,98,73,2.17,broken clouds
683,Shingu,JP,33.7333,135.9833,68.23,79,100,14.23,light rain
684,Makakilo City,US,21.3469,-158.0858,82.72,76,75,10.36,light rain
685,Becerril,CO,9.7041,-73.2793,74.89,92,100,2.24,overcast clouds
686,Masindi,UG,1.6744,31.715,62.89,93,89,1.39,overcast clouds
687,Hasanabad,IR,36.5465,61.0543,70.72,13,25,4.43,scattered clouds
688,Bom Jesus,BR,-9.0744,-44.3586,72.88,43,2,1.86,clear sky
689,Maragogi,BR,-9.0122,-35.2225,74.41,86,69,10.11,broken clouds
690,Chara,RU,56.9064,118.2631,35.89,82,66,3.65,broken clouds
691,Yelizovo,RU,53.1873,158.3805,55.54,44,75,17.9,broken clouds
692,Port-Cartier,CA,50.0334,-66.8654,41.22,90,92,5.57,overcast clouds
693,Yar-Sale,RU,66.8333,70.8333,37.54,83,100,9.8,overcast clouds
694,Strangnas,SE,59.3774,17.0312,48.18,85,86,8.72,overcast clouds
695,Touba,CI,8.2833,-7.6833,67.44,95,96,3.62,overcast clouds
696,Gondanglegi,ID,-7.7479,112.0132,90.0,52,40,14.45,scattered clouds
697,Rawah,IQ,34.4816,41.9093,74.64,27,79,4.65,broken clouds
698,Sabla,NG,12.7525,4.7077,79.34,35,94,6.58,overcast clouds
699,Ixtapa,MX,20.7,-105.2,71.6,73,97,3.62,overcast clouds
700,Merrill,US,45.1805,-89.6835,44.37,88,40,8.05,scattered clouds
701,Sarankhola,BD,22.3082,89.7897,85.39,75,34,2.42,scattered clouds
702,Prieska,ZA,-29.6641,22.7474,66.63,20,6,2.15,clear sky
703,Maple Creek,CA,49.9168,-109.4848,46.81,36,1,9.22,clear sky
